{
  "explained_variance_ratio": [
    0.3688312394531713,
    0.11999990861361096,
    0.109074225007156,
    0.07184251515878076,
    0.06677777026233632,
    0.0517545246527393,
    0.04594328332476362,
    0.03701156492673649,
    0.03411252125398159,
    0.03053502563266774,
    0.025023851821638483
  ],
  "cumulative_variance_ratio": [
    0.3688312394531713,
    0.4888311480667823,
    0.5979053730739383,
    0.669747888232719,
    0.7365256584950554,
    0.7882801831477947,
    0.8342234664725583,
    0.8712350313992948,
    0.9053475526532764,
    0.9358825782859441,
    0.9609064301075826
  ],
  "optimal_n_components": 11
}