{
  "explained_variance_ratio": [
    0.6513799727823825,
    0.08545593868944325,
    0.06044507474090443,
    0.05152220704258418,
    0.03454920489095146,
    0.03341869655945626,
    0.027038080415507006,
    0.02342444427630103
  ],
  "cumulative_variance_ratio": [
    0.6513799727823825,
    0.7368359114718257,
    0.7972809862127301,
    0.8488031932553143,
    0.8833523981462658,
    0.916771094705722,
    0.9438091751212291,
    0.9672336193975302
  ],
  "optimal_n_components": 8
}