{
  "explained_variance_ratio": [
    0.07166968370911868,
    0.04903697252629723,
    0.045419108300640054,
    0.03671031348314836,
    0.03547618566347299,
    0.03156866306480074,
    0.031019368019183775,
    0.029768436975954857,
    0.029127693062212856,
    0.027857853685175692,
    0.026429841198385838,
    0.025065617032762447,
    0.02436983751705368,
    0.0241971656375575,
    0.023074128123054198,
    0.022046599998498385,
    0.021335918596580596,
    0.020229174968919107,
    0.01938476440307647,
    0.018734744580782423,
    0.01826987544192808,
    0.01737372514675448,
    0.01610692039007758,
    0.01579004466506779,
    0.01492745851231734,
    0.014388738329574276,
    0.014019151669040318,
    0.013113192009294125,
    0.012718155094523596,
    0.011980958139759763,
    0.01155479878196658,
    0.010783688101863443,
    0.009987377817936863,
    0.00984136263096303,
    0.009415606729620937,
    0.00887567022345973,
    0.008032590139883028,
    0.007679012936465184,
    0.007631888334922632,
    0.007113159751056817,
    0.006932212942414328,
    0.00669028127962247,
    0.006484917386950101,
    0.006235413982221939,
    0.005900792356231931,
    0.005752605845909644,
    0.00542609499650043,
    0.004898469732124786,
    0.00481342814053646,
    0.004446525809467056,
    0.0043426318242059435,
    0.004089249088613504,
    0.003938850148346866,
    0.0037494987232796293,
    0.00351701532351918,
    0.003405637214662887,
    0.0031855305211130184,
    0.002938595302705247,
    0.0027394478607325207,
    0.002734549357711946,
    0.00261028659535428,
    0.0024892348461102924,
    0.002337725228176736
  ],
  "cumulative_variance_ratio": [
    0.07166968370911868,
    0.1207066562354159,
    0.16612576453605596,
    0.20283607801920434,
    0.23831226368267733,
    0.26988092674747804,
    0.3009002947666618,
    0.3306687317426167,
    0.35979642480482954,
    0.3876542784900052,
    0.41408411968839104,
    0.4391497367211535,
    0.46351957423820717,
    0.4877167398757647,
    0.5107908679988189,
    0.5328374679973172,
    0.5541733865938978,
    0.5744025615628169,
    0.5937873259658933,
    0.6125220705466757,
    0.6307919459886038,
    0.6481656711353583,
    0.6642725915254358,
    0.6800626361905037,
    0.694990094702821,
    0.7093788330323954,
    0.7233979847014357,
    0.7365111767107299,
    0.7492293318052534,
    0.7612102899450132,
    0.7727650887269797,
    0.7835487768288432,
    0.7935361546467801,
    0.8033775172777431,
    0.812793124007364,
    0.8216687942308237,
    0.8297013843707067,
    0.837380397307172,
    0.8450122856420946,
    0.8521254453931515,
    0.8590576583355658,
    0.8657479396151883,
    0.8722328570021384,
    0.8784682709843603,
    0.8843690633405923,
    0.8901216691865019,
    0.8955477641830023,
    0.9004462339151271,
    0.9052596620556635,
    0.9097061878651306,
    0.9140488196893365,
    0.91813806877795,
    0.9220769189262968,
    0.9258264176495765,
    0.9293434329730957,
    0.9327490701877587,
    0.9359346007088717,
    0.9388731960115769,
    0.9416126438723095,
    0.9443471932300214,
    0.9469574798253756,
    0.9494467146714859,
    0.9517844398996627
  ],
  "optimal_n_components": 63
}