{
  "explained_variance_ratio": [
    0.3836319340921841,
    0.11539182060039825,
    0.07720031241403101,
    0.05627458551445766,
    0.04787326900447849,
    0.040023486798933465,
    0.03363695092826722,
    0.032598608690198094,
    0.02725015603500755,
    0.024769841747994913,
    0.021781337500818437,
    0.019814981751971952,
    0.01720316830571045,
    0.01594950053265796,
    0.015068726229335028,
    0.014059325765611932,
    0.01060357892204649
  ],
  "cumulative_variance_ratio": [
    0.3836319340921841,
    0.49902375469258237,
    0.5762240671066133,
    0.632498652621071,
    0.6803719216255495,
    0.7203954084244829,
    0.7540323593527501,
    0.7866309680429482,
    0.8138811240779558,
    0.8386509658259507,
    0.8604323033267691,
    0.8802472850787411,
    0.8974504533844515,
    0.9133999539171095,
    0.9284686801464446,
    0.9425280059120565,
    0.953131584834103
  ],
  "optimal_n_components": 17
}