{
  "explained_variance": [
    39.76496547767781,
    8.655491040957232,
    6.959665437652772,
    5.761376533459794,
    4.436775898832707,
    4.108892950600265,
    3.842696781387254,
    3.586608681928888,
    3.156027106181348,
    2.7753125903942606,
    2.636385308441364,
    2.3916689350949767,
    2.360453745488053,
    2.3370888102902656,
    1.9940453886951899,
    1.8756737134702348,
    1.8360034927271294,
    1.6886163599185933,
    1.6262646811356496,
    1.5859235574838266,
    1.5523821522876673,
    1.4265484999909623,
    1.3875366886085987,
    1.3083508226132052,
    1.2413937234456145,
    1.2224813694630914,
    1.1549093418847118,
    1.0674707796220833,
    1.0015720695193084,
    0.9914207906420079,
    0.9150152230818535,
    0.8745476238921387,
    0.8594292262552019,
    0.8061213413314132,
    0.7709921849045276,
    0.743791792698621,
    0.7279145078798036,
    0.6929129065744574,
    0.6648407780177444,
    0.6067390510384765,
    0.6014681189944392,
    0.571516048888423,
    0.5284409061135027,
    0.5144140844414941,
    0.483221229813129,
    0.46769613820475237,
    0.4445225771774224,
    0.4183633000835803,
    0.38802823241001716,
    0.37223046158493167,
    0.3615864753222645,
    0.35212223606425286,
    0.34421150559420244,
    0.31652906916286594,
    0.3057550780281135,
    0.29071152616493673,
    0.27875258682861
  ],
  "explained_variance_ratio": [
    0.28995475122001396,
    0.06311336427229246,
    0.050747889160923404,
    0.042010309310639864,
    0.032351700460727224,
    0.029960871811890825,
    0.02801984550663206,
    0.026152524354032557,
    0.023012846696173556,
    0.020236785372220924,
    0.01922376738031703,
    0.017439365600993278,
    0.01721175336927031,
    0.017041382946684395,
    0.014540008463608364,
    0.013676876074857389,
    0.013387612175134725,
    0.012312907371215808,
    0.011858256768795256,
    0.011564100837012382,
    0.01131952650675975,
    0.010401983516126994,
    0.010117520549087195,
    0.009540119869895747,
    0.009051887859674312,
    0.008913984385394532,
    0.008421268493137075,
    0.007783691513920828,
    0.007303176973947292,
    0.007229156752728065,
    0.006672029214262959,
    0.006376951059043341,
    0.006266712028957322,
    0.005878006183863125,
    0.005621854425903108,
    0.005423516948165882,
    0.005307744329872682,
    0.00505252266736449,
    0.0048478287375672375,
    0.004424167567757248,
    0.004385733439343774,
    0.004167331513633829,
    0.003853239896627904,
    0.00375096032617039,
    0.0035235109547208706,
    0.0034103064285531883,
    0.0032413314516647218,
    0.0030505854874541337,
    0.00282939085306,
    0.0027141980280595657,
    0.0026365851255533788,
    0.002567574600671019,
    0.0025098918174004123,
    0.002308039411087679,
    0.0022294785502495773,
    0.0021197852741319002,
    0.0020325841100301387
  ],
  "cumulative_variance_ratio": [
    0.28995475122001396,
    0.35306811549230643,
    0.40381600465322987,
    0.44582631396386974,
    0.47817801442459695,
    0.5081388862364877,
    0.5361587317431198,
    0.5623112560971524,
    0.5853241027933259,
    0.6055608881655469,
    0.6247846555458639,
    0.6422240211468572,
    0.6594357745161274,
    0.6764771574628119,
    0.6910171659264203,
    0.7046940420012776,
    0.7180816541764123,
    0.7303945615476282,
    0.7422528183164234,
    0.7538169191534358,
    0.7651364456601956,
    0.7755384291763225,
    0.7856559497254098,
    0.7951960695953055,
    0.8042479574549799,
    0.8131619418403744,
    0.8215832103335114,
    0.8293669018474322,
    0.8366700788213796,
    0.8438992355741076,
    0.8505712647883705,
    0.8569482158474139,
    0.8632149278763712,
    0.8690929340602344,
    0.8747147884861375,
    0.8801383054343034,
    0.8854460497641761,
    0.8904985724315405,
    0.8953464011691078,
    0.899770568736865,
    0.9041563021762088,
    0.9083236336898426,
    0.9121768735864705,
    0.9159278339126409,
    0.9194513448673618,
    0.922861651295915,
    0.9261029827475797,
    0.9291535682350339,
    0.9319829590880939,
    0.9346971571161535,
    0.937333742241707,
    0.939901316842378,
    0.9424112086597785,
    0.9447192480708662,
    0.9469487266211157,
    0.9490685118952477,
    0.9511010960052778
  ],
  "optimal_n_components": 57
}