{
  "explained_variance_ratio": [
    0.40608123628150405,
    0.09060443555219423,
    0.08074831123851098,
    0.07103384150918805,
    0.06425548502802042,
    0.05083386229347388,
    0.044737485163041234,
    0.039871221136849946,
    0.03573672903142112,
    0.027313406461254994,
    0.025372705981145296,
    0.022888562067127666
  ],
  "cumulative_variance_ratio": [
    0.40608123628150405,
    0.4966856718336983,
    0.5774339830722093,
    0.6484678245813973,
    0.7127233096094177,
    0.7635571719028915,
    0.8082946570659327,
    0.8481658782027827,
    0.8839026072342038,
    0.9112160136954588,
    0.9365887196766041,
    0.9594772817437317
  ],
  "optimal_n_components": 12
}