{
  "explained_variance_ratio": [
    0.38059373564604865,
    0.13825713909888968,
    0.10154603115282182,
    0.09496413883100945,
    0.06503820317283843,
    0.05473261169515818,
    0.039933826097597346,
    0.03869755610928268,
    0.03459040014211305,
    0.0277629136453411
  ],
  "cumulative_variance_ratio": [
    0.38059373564604865,
    0.5188508747449383,
    0.6203969058977601,
    0.7153610447287695,
    0.780399247901608,
    0.8351318595967662,
    0.8750656856943635,
    0.9137632418036462,
    0.9483536419457592,
    0.9761165555911003
  ],
  "optimal_n_components": 10
}