{
  "explained_variance_ratio": [
    0.4229658726174848,
    0.20473467010998875,
    0.13911627378023275,
    0.1286886409645176,
    0.10449454252777618
  ],
  "cumulative_variance_ratio": [
    0.4229658726174848,
    0.6277005427274736,
    0.7668168165077063,
    0.8955054574722239,
    1.0
  ],
  "optimal_n_components": 5
}