{
  "explained_variance_ratio": [
    0.5994977936313728,
    0.09787174628590914,
    0.09202317489352174,
    0.06786502027392595,
    0.05834076875075676,
    0.0491325549018061
  ],
  "cumulative_variance_ratio": [
    0.5994977936313728,
    0.6973695399172819,
    0.7893927148108036,
    0.8572577350847296,
    0.9155985038354864,
    0.9647310587372925
  ],
  "optimal_n_components": 6
}