{
  "explained_variance_ratio": [
    0.4386625008227771,
    0.09215860569026692,
    0.08956259052139948,
    0.07884863862091465,
    0.0640724222073964,
    0.0507770049624995,
    0.04305286901139272,
    0.03672704384700447,
    0.03519877678144108,
    0.028948389224988193
  ],
  "cumulative_variance_ratio": [
    0.4386625008227771,
    0.530821106513044,
    0.6203836970344435,
    0.6992323356553581,
    0.7633047578627545,
    0.814081762825254,
    0.8571346318366467,
    0.8938616756836512,
    0.9290604524650923,
    0.9580088416900805
  ],
  "optimal_n_components": 10
}