{
  "explained_variance_ratio": [
    0.45828336590238256,
    0.11864189965366755,
    0.07858348552595613,
    0.05806134705369899,
    0.048813552012663505,
    0.045422441037162836,
    0.0394629593106998,
    0.03555235621493629,
    0.029313194857497806,
    0.022577345850657814,
    0.020899867701581604
  ],
  "cumulative_variance_ratio": [
    0.45828336590238256,
    0.5769252655560501,
    0.6555087510820062,
    0.7135700981357053,
    0.7623836501483687,
    0.8078060911855316,
    0.8472690504962314,
    0.8828214067111676,
    0.9121346015686654,
    0.9347119474193233,
    0.9556118151209049
  ],
  "optimal_n_components": 11
}