{
  "explained_variance_ratio": [
    0.5189767793342118,
    0.11904076058026339,
    0.08240464066882817,
    0.07765696498677559,
    0.05927803979638597,
    0.0537064091218188,
    0.03676536816514246,
    0.025963126307650543
  ],
  "cumulative_variance_ratio": [
    0.5189767793342118,
    0.6380175399144752,
    0.7204221805833033,
    0.7980791455700789,
    0.8573571853664649,
    0.9110635944882837,
    0.9478289626534261,
    0.9737920889610766
  ],
  "optimal_n_components": 8
}