{
  "explained_variance_ratio": [
    0.42722346353455937,
    0.13811068423031791,
    0.08408378203078604,
    0.06427299968295067,
    0.05141050672726122,
    0.04790233926795801,
    0.039478238389012626,
    0.030599791101362038,
    0.023414632312702837,
    0.022370102140351664,
    0.020200399073413908,
    0.016911192818769512
  ],
  "cumulative_variance_ratio": [
    0.42722346353455937,
    0.5653341477648772,
    0.6494179297956633,
    0.7136909294786139,
    0.7651014362058751,
    0.8130037754738332,
    0.8524820138628458,
    0.8830818049642079,
    0.9064964372769106,
    0.9288665394172623,
    0.9490669384906761,
    0.9659781313094457
  ],
  "optimal_n_components": 12
}